{"cameraMode":{"drawMode":0,"name":"Shaded","section":"Shading Mode"},"sceneLighting":false,"audioPlay":false,"sceneViewState":{"showFog":true,"showMaterialUpdate":false,"showSkybox":false,"showFlares":true,"showImageEffects":true,"showParticleSystems":true,"showVisualEffectGraphs":true,"m_FxEnabled":true},"in2DMode":false,"pivot":{"x":-0.255207359790802,"y":0.35073408484458926,"z":-0.571743369102478},"rotation":{"x":0.24426443874835969,"y":0.03199347108602524,"z":-0.00806367676705122,"w":0.9691466093063355},"size":0.4608484208583832,"orthographic":true}