{"cameraMode":{"drawMode":0,"name":"Shaded","section":"Shading Mode"},"sceneLighting":false,"audioPlay":false,"sceneViewState":{"showFog":true,"showMaterialUpdate":false,"showSkybox":false,"showFlares":true,"showImageEffects":true,"showParticleSystems":true,"showVisualEffectGraphs":true,"m_FxEnabled":true},"in2DMode":false,"pivot":{"x":-0.5218802094459534,"y":-0.8278303146362305,"z":-0.034969329833984378},"rotation":{"x":0.24267998337745667,"y":-0.04508998245000839,"z":0.011292954906821251,"w":0.9689931869506836},"size":15.432989120483399,"orthographic":false}