{"cameraMode":{"drawMode":0,"name":"Shaded","section":"Shading Mode"},"sceneLighting":true,"audioPlay":false,"sceneViewState":{"showFog":true,"showMaterialUpdate":false,"showSkybox":true,"showFlares":true,"showImageEffects":true,"showParticleSystems":true,"showVisualEffectGraphs":true,"m_FxEnabled":true},"in2DMode":false,"pivot":{"x":4.958930969238281,"y":3.0327987670898439,"z":-11.227767944335938},"rotation":{"x":0.48325076699256899,"y":0.17115531861782075,"z":-0.09695397317409516,"w":0.8530948758125305},"size":57.74699401855469,"orthographic":true}