{"cameraMode":{"drawMode":0,"name":"Shaded","section":"Shading Mode"},"sceneLighting":false,"audioPlay":false,"sceneViewState":{"showFog":true,"showMaterialUpdate":false,"showSkybox":false,"showFlares":true,"showImageEffects":true,"showParticleSystems":true,"showVisualEffectGraphs":true,"m_FxEnabled":true},"in2DMode":false,"pivot":{"x":-1.0922620296478272,"y":3.9936821460723879,"z":5.616589546203613},"rotation":{"x":0.5217452645301819,"y":0.07655622810125351,"z":-0.047081004828214648,"w":0.8483235239982605},"size":2.4494895935058595,"orthographic":false}